{"cameraMode":{"drawMode":0,"name":"Shaded","section":"Shading Mode"},"sceneLighting":true,"audioPlay":false,"sceneViewState":{"m_AlwaysRefresh":false,"showFog":true,"showSkybox":true,"showFlares":true,"showImageEffects":true,"showParticleSystems":true,"showVisualEffectGraphs":true,"m_FxEnabled":true},"in2DMode":false,"pivot":{"x":6.100775241851807,"y":6.402987480163574,"z":-6.511735439300537},"rotation":{"x":-0.20681248605251313,"y":0.13365662097930909,"z":-0.028558386489748956,"w":-0.9688464999198914},"size":0.7108251452445984,"orthographic":false}